代码,名称,行业,最新价,突破幅度 (%),贝叶斯置信分,ATR,数据日期,扫描时间,ATR 风险,量价背离
600380,股票600380,沪市,10.16,0.79,0.4145,0.22,2026-10-05,2026-10-05 06:33:03,False,False
600196,股票600196,沪市,24.02,0.25,0.2795,0.51,2026-10-05,2026-10-05 06:27:29,False,False
600094,股票600094,沪市,4.19,0.24,0.2654,0.17,2026-10-05,2026-10-05 06:32:04,False,False
600081,股票600081,沪市,11.89,9.08,0.2573,0.34,2026-10-05,2026-10-05 06:31:59,True,False
600276,股票600276,沪市,47.2,1.7,0.255,1.17,2026-10-05,2026-10-05 06:28:00,True,False
000963,股票000963,深市,27.69,1.24,0.2549,0.53,2026-10-05,2026-10-05 06:31:21,True,False
000002,股票000002,深市,4.26,1.67,0.252,0.24,2026-10-05,2026-10-05 06:28:10,True,False
000678,股票000678,深市,12.89,9.98,0.252,0.56,2026-10-05,2026-10-05 06:29:58,True,False
000011,股票000011,深市,12.24,9.97,0.252,0.64,2026-10-05,2026-10-05 06:28:14,True,False
600383,股票600383,沪市,2.74,3.4,0.252,0.14,2026-10-05,2026-10-05 06:33:04,True,False
600064,股票600064,沪市,8.04,2.29,0.2425,0.16,2026-10-05,2026-10-05 06:26:47,True,False
600059,股票600059,沪市,12.27,1.32,0.2407,0.87,2026-10-05,2026-10-05 06:31:51,False,True
600131,股票600131,沪市,15.39,1.12,0.2399,0.32,2026-10-05,2026-10-05 06:27:06,True,False
600418,股票600418,沪市,27.47,2.16,0.2389,1.41,2026-10-05,2026-10-05 06:33:23,True,False
000514,股票000514,深市,4.6,0.88,0.2351,0.17,2026-10-05,2026-10-05 06:29:02,True,False
600019,股票600019,沪市,5.93,0.51,0.2329,0.1,2026-10-05,2026-10-05 06:26:37,False,False
600241,股票600241,沪市,9.72,9.95,0.2037,0.35,2026-10-05,2026-10-05 06:27:46,True,False
600072,股票600072,沪市,9.7,2.97,0.2014,0.32,2026-10-05,2026-10-05 06:31:55,True,False
000739,股票000739,深市,27.74,1.65,0.1998,1.27,2026-10-05,2026-10-05 06:30:18,True,False
600007,股票600007,沪市,20.5,0.24,0.19,0.44,2026-10-05,2026-10-05 06:26:34,False,False
600000,股票600000,沪市,9.48,0.11,0.1791,0.17,2026-10-05,2026-10-05 06:26:33,False,False
600153,股票600153,沪市,8.82,0.23,0.1383,0.24,2026-10-05,2026-10-05 06:27:14,True,False
600337,股票600337,沪市,3.82,2.69,0.1361,0.16,2026-10-05,2026-10-05 06:32:43,True,True
600177,股票600177,沪市,8.38,0.24,0.1316,0.14,2026-10-05,2026-10-05 06:27:22,False,True
000692,股票000692,深市,4.59,0.22,0.1005,0.14,2026-10-05,2026-10-05 06:30:03,True,False
